{"cameraMode":{"drawMode":0,"name":"Shaded","section":"Shading Mode"},"sceneLighting":true,"audioPlay":false,"sceneViewState":{"m_AlwaysRefresh":false,"showFog":true,"showSkybox":true,"showFlares":true,"showImageEffects":true,"showParticleSystems":true,"showVisualEffectGraphs":true,"m_FxEnabled":true},"in2DMode":false,"pivot":{"x":-0.427887499332428,"y":1.0159504413604737,"z":1.2951362133026124},"rotation":{"x":0.009002801030874253,"y":0.943617582321167,"z":-0.32987964153289797,"w":0.025770235806703569},"size":2.5365982055664064,"orthographic":false}