{"cameraMode":{"drawMode":0,"name":"Shaded","section":"Shading Mode"},"sceneLighting":true,"audioPlay":false,"sceneViewState":{"m_AlwaysRefresh":false,"showFog":true,"showSkybox":true,"showFlares":true,"showImageEffects":true,"showParticleSystems":true,"showVisualEffectGraphs":true,"m_FxEnabled":true},"in2DMode":false,"pivot":{"x":-24.59724998474121,"y":3.8655314445495607,"z":-3.487588405609131},"rotation":{"x":0.0066748992539942268,"y":0.8995442986488342,"z":-0.4365389943122864,"w":0.013767705298960209},"size":10.36863899230957,"orthographic":false}